<?xml version="1.0"?>
<!--<!DOCTYPE metadata SYSTEM "http://www.esri.com/metadata/esriprof80.dtd">-->
<metadata xml:lang="ko"><Esri><CreaDate>20110804</CreaDate><CreaTime>13401600</CreaTime><SyncOnce>TRUE</SyncOnce><DataProperties><lineage><Process Name="Create Feature Class" ToolSource="C:\Program Files\ArcGIS\ArcToolbox\Toolboxes\Data Management Tools.tbx\CreateFeatureclass" Date="20050225" Time="211150">CreateFeatureclass C:\2005\현장조사.mdb\현장조사 현장조사 # 현장조사_Layer SAME_AS_TEMPLATE SAME_AS_TEMPLATE "PROJCS['Korea_TM',GEOGCS['GCS_TOKYO',DATUM['D_TOKYO',SPHEROID['BESSEL_1841',6377397.155,299.1528128]],PRIMEM['Greenwich',0.0],UNIT['Degree',0.0174532925199433]],PROJECTION['Transverse_Mercator'],PARAMETER['False_Easting',200000.0],PARAMETER['False_Northing',500000.0],PARAMETER['Central_Meridian',127.0028902777778],PARAMETER['Scale_Factor',1.0],PARAMETER['Latitude_of_Origin',38.0],UNIT['Meter',1.0]];128945.023232 382686.835732 15624.999985;0.000000 100000.000000;0.000000 100000.000000" # 0 0 0 C:\2005\현장조사.mdb\현장조사\현장조사</Process><Process Name="Append" ToolSource="C:\Program Files\ArcGIS\ArcToolbox\Toolboxes\Data Management Tools.tbx\Append" Date="20050225" Time="211247">Append 현장조사_Layer C:\2005\현장조사.mdb\현장조사\현장조사 TEST C:\2005\현장조사.mdb\현장조사\현장조사</Process><Process Name="FeatureClassToFeatureClass_3" ToolSource="C:\Program Files\ArcGIS\ArcToolbox\Toolboxes\Conversion Tools.tbx\FeatureClassToFeatureClass" Date="20050225" Time="211247">FeatureClassToFeatureClass C:\2005도시생태현황도\현장조사\현장조사.shp C:\2005\현장조사.mdb\현장조사 현장조사 # "OBJECTID OBJECTID VISIBLE;고유번호 고유번호 VISIBLE;면적 면적 VISIBLE;토지이용 토지이용 VISIBLE;평균층수 평균층수 VISIBLE;건폐율 건폐율 VISIBLE;불투포장율 불투포장율 VISIBLE;투수포장율 투수포장율 VISIBLE;녹지율 녹지율 VISIBLE;기타비율 기타비율 VISIBLE;불투토포비 불투토포비 VISIBLE;지붕유형 지붕유형 VISIBLE;현존식생 현존식생 VISIBLE;우점종식생 우점종식생 VISIBLE;교목수고 교목수고 VISIBLE;교흉고직경 교흉고직경 VISIBLE;교목식피율 교목식피율 VISIBLE;아교수고 아교수고 VISIBLE;아흉고직경 아흉고직경 VISIBLE;아교식피율 아교식피율 VISIBLE;관목수고 관목수고 VISIBLE;관목식피율 관목식피율 VISIBLE;초본수고 초본수고 VISIBLE;초본식피율 초본식피율 VISIBLE;이용범례 이용범례 VISIBLE;식생범례 식생범례 VISIBLE;포장범례 포장범례 VISIBLE;갱신근거 갱신근거 VISIBLE;갱신여부 갱신여부 VISIBLE;비오톱유형 비오톱유형 VISIBLE;유형평가 유형평가 VISIBLE;개별평가 개별평가 VISIBLE" SAME_AS_TEMPLATE SAME_AS_TEMPLATE # 0 C:\2005\현장조사.mdb\현장조사\현장조사</Process></lineage><itemProps><itemLocation><linkage Sync="TRUE">file://\\DUDE\D$\실습자료\chapter5\map\현장조사</linkage><protocol Sync="TRUE">Local Area Network</protocol></itemLocation></itemProps><copyHistory><copy source="G:\국토연구원\2011년 과제\스터디\2010seoulcityecology\도시생태현황도(2010)\데이터(TM좌표)\현장조사\현장조사" dest="\\DUDE\D$\실습자료\chapter5\map\현장조사" date="20110804" time="13401600"></copy></copyHistory></DataProperties><ArcGISFormat>1.0</ArcGISFormat></Esri><idinfo><citation><citeinfo><onlink Sync="TRUE"></onlink></citeinfo></citation></idinfo><distInfo><distributor><distorTran><onLineSrc><linkage Sync="TRUE">file://</linkage><protocol Sync="TRUE">Local Area Network</protocol></onLineSrc></distorTran></distributor></distInfo><dataqual><lineage><procstep><procdesc Sync="TRUE">Dataset copied.</procdesc><srcused Sync="TRUE">\\YG\C$\2005\현장조사.mdb</srcused><date Sync="TRUE">20050225</date><time Sync="TRUE">21261100</time></procstep><procstep><procdesc Sync="TRUE">Dataset copied.</procdesc><srcused Sync="TRUE"></srcused><date Sync="TRUE">20080424</date><time Sync="TRUE">17150500</time></procstep><procstep><procdesc Sync="TRUE">Dataset copied.</procdesc><srcused Sync="TRUE"></srcused><date Sync="TRUE">20080812</date><time Sync="TRUE">17390400</time></procstep><procstep><procdesc Sync="TRUE">Dataset copied.</procdesc><srcused Sync="TRUE"></srcused><date Sync="TRUE">20100118</date><time Sync="TRUE">10495400</time></procstep><procstep><procdesc Sync="TRUE">Dataset copied.</procdesc><srcused Sync="TRUE"></srcused><date Sync="TRUE">20100120</date><time Sync="TRUE">09125300</time></procstep><procstep><procdesc Sync="TRUE">Dataset copied.</procdesc><srcused Sync="TRUE"></srcused><date Sync="TRUE">20100302</date><time Sync="TRUE">09513000</time></procstep><procstep><procdesc Sync="TRUE">Dataset copied.</procdesc><srcused Sync="TRUE"></srcused><date Sync="TRUE">20100401</date><time Sync="TRUE">09550100</time></procstep><procstep><procdesc Sync="TRUE">Dataset copied.</procdesc><srcused Sync="TRUE"></srcused><date Sync="TRUE">20100402</date><time Sync="TRUE">16075800</time></procstep></lineage></dataqual></metadata>
