<?xml version="1.0"?>
<!--<!DOCTYPE metadata SYSTEM "http://www.esri.com/metadata/esriprof80.dtd">-->
<metadata xml:lang="ko"><Esri><MetaID>{8DBA577A-DB7A-4DC7-90D2-FD85F972B2F5}</MetaID><CreaDate>20070825</CreaDate><CreaTime>11374600</CreaTime><SyncOnce>TRUE</SyncOnce><DataProperties><lineage><Process Name="Clip_5" ToolSource="C:\Program Files\ArcGIS\ArcToolbox\Toolboxes\Data Management Tools.tbx\Clip" Date="20070825" Time="113746">Clip dem "193464.375077367 413596.593812513 207834.375077353 427726.593812499" C:\map\20070823\dem_Clip.img C:\map\20070823\suwon.shp</Process></lineage></DataProperties></Esri></metadata>
