<?xml version="1.0" encoding="UTF-8"?>
<metadata xml:lang="ko"><Esri><CreaDate>20110725</CreaDate><CreaTime>21583400</CreaTime><ArcGISFormat>1.0</ArcGISFormat><SyncOnce>TRUE</SyncOnce><DataProperties><lineage><Process ToolSource="C:\Program Files\ArcGIS\Desktop10.0\ArcToolbox\Toolboxes\Data Management Tools.tbx\DeleteField" Date="20110725" Time="215834">DeleteField 구별통계자료 대졸이상비;평균교육년;불교비율;기독교_개;기독교_천;유교비율;원불교비율;증산교비율;천도교비율;대종교비율;기타비율;종교없음비;대학4이상;종교있음;기독교비율</Process><Process ToolSource="C:\Program Files\ArcGIS\Desktop10.0\ArcToolbox\Toolboxes\Data Management Tools.tbx\DefineProjection" Date="20110815" Time="091449">DefineProjection 구별통계자료 PROJCS['TM_Korea',GEOGCS['GCS_Tokyo',DATUM['D_Tokyo',SPHEROID['Bessel_1841',6377397.155,299.1528128]],PRIMEM['Greenwich',0.0],UNIT['Degree',0.0174532925199433]],PROJECTION['Transverse_Mercator'],PARAMETER['False_Easting',200000.0],PARAMETER['False_Northing',500000.0],PARAMETER['Central_Meridian',127.0028902777778],PARAMETER['Scale_Factor',1.0],PARAMETER['Latitude_Of_Origin',38.0],UNIT['Meter',1.0]]</Process></lineage></DataProperties></Esri></metadata>
