<?xml version="1.0" encoding="UTF-8"?>
<metadata xml:lang="ko"><Esri><CreaDate>20110815</CreaDate><CreaTime>09404500</CreaTime><ArcGISFormat>1.0</ArcGISFormat><ArcGISstyle>XTools Pro Metadata</ArcGISstyle><SyncOnce>TRUE</SyncOnce><DataProperties><lineage><Process ToolSource="C:\Program Files\ArcGIS\Desktop10.0\ArcToolbox\Toolboxes\Data Management Tools.tbx\DefineProjection" Date="20110811" Time="101831">DefineProjection D:\실습자료\chapter3\map\시군구.shp PROJCS['Korean_1985_Korea_Central_Belt',GEOGCS['GCS_Korean_Datum_1985',DATUM['D_Korean_Datum_1985',SPHEROID['Bessel_1841',6377397.155,299.1528128]],PRIMEM['Greenwich',0.0],UNIT['Degree',0.0174532925199433]],PROJECTION['Transverse_Mercator'],PARAMETER['False_Easting',200000.0],PARAMETER['False_Northing',500000.0],PARAMETER['Central_Meridian',127.00289027777],PARAMETER['Scale_Factor',1.0],PARAMETER['Latitude_Of_Origin',38.0],UNIT['Meter',1.0]]</Process></lineage><itemProps><itemLocation><linkage Sync="TRUE">file://\\DUDE\D$\실습자료\chapter3\map\구시군경계_2005</linkage><protocol Sync="TRUE">Local Area Network</protocol></itemLocation></itemProps><copyHistory><copy source="D:\실습자료\chapter4\map\구시군경계_2005" dest="\\DUDE\D$\실습자료\chapter3\map\구시군경계_2005" date="20110815" time="09404500"></copy></copyHistory></DataProperties></Esri></metadata>
